name,confidence,xmin,ymin,xmax,ymax
person,0.8443135619163513,985.5926513671875,24.73834228515625,1280.0,720.0
person,0.81902015209198,672.6922607421875,19.640167236328125,1072.09130859375,717.2996826171875
person,0.5187767744064331,168.65464782714844,282.2176513671875,679.5203857421875,711.4600830078125
cell phone,0.5125961303710938,502.3546142578125,460.4133605957031,545.4940185546875,521.080810546875
person,0.4550663232803345,2.90283203125,204.0576629638672,381.044189453125,699.7817993164062
cell phone,0.28779318928718567,500.4132080078125,458.3809509277344,549.7164306640625,598.660400390625
