name,confidence,xmin,ymin,xmax,ymax
bottle,0.7306757569313049,222.57537841796875,374.4611511230469,402.52044677734375,675.4720458984375
cell phone,0.5785640478134155,670.0616455078125,378.639892578125,846.58349609375,664.4693603515625
cell phone,0.46740958094596863,540.1177978515625,497.95361328125,664.83544921875,652.8681640625
bottle,0.4260888695716858,409.8158874511719,460.8288269042969,535.6064453125,664.1922607421875
