name,confidence,xmin,ymin,xmax,ymax
person,0.4284975826740265,5.921142578125,291.32403564453125,691.6944580078125,720.0
