name,confidence,xmin,ymin,xmax,ymax
person,0.6980636119842529,644.5904541015625,29.598388671875,1278.1851806640625,705.5703735351562
