name,confidence,xmin,ymin,xmax,ymax
person,0.4662470519542694,213.4137420654297,627.6039428710938,1080.0,816.563232421875
