name,confidence,xmin,ymin,xmax,ymax
sports ball,0.4089677035808563,493.3382263183594,653.2515258789062,593.5042724609375,753.0762939453125
