name,confidence,xmin,ymin,xmax,ymax
person,0.898147463798523,10.386199951171875,269.6716003417969,606.6083374023438,1075.4586181640625
