name,confidence,xmin,ymin,xmax,ymax
person,0.6297370791435242,116.25898742675781,237.81350708007812,571.929931640625,1256.0634765625
