name,confidence,xmin,ymin,xmax,ymax
traffic light,0.27509501576423645,239.49295043945312,288.89892578125,666.4755859375,753.925537109375
