name,confidence,xmin,ymin,xmax,ymax
person,0.2740451693534851,601.7523803710938,590.8106079101562,1074.6116943359375,1078.2845458984375
