name,confidence,xmin,ymin,xmax,ymax
bottle,0.4173792004585266,343.7077941894531,24.7989444732666,852.1235961914062,1116.268310546875
