name,confidence,xmin,ymin,xmax,ymax
cake,0.3349439203739166,213.70233154296875,777.0233764648438,343.429443359375,908.4817504882812
