name,confidence,xmin,ymin,xmax,ymax
person,0.8520342707633972,386.0633850097656,569.4370727539062,799.0169677734375,1072.49853515625
