name,confidence,xmin,ymin,xmax,ymax
cup,0.6488826870918274,71.93163299560547,246.1254425048828,148.0327911376953,307.7157287597656
